title,category,url,days_old
How serious is Labour backlash over asylum plans?,politics,https://www.bbc.com/news/articles/ckgydj7qllpo?at_medium=RSS&at_campaign=rss,7
The £5.30 orange juice that tells the story of why supermarket prices are sky high,business,https://www.bbc.com/news/articles/c397n3jl3z8o?at_medium=RSS&at_campaign=rss,7
How Olivia Nuzzi and Ryan Lizza Became Main Characters on Social Media,politics,https://www.nytimes.com/2025/11/21/style/olivia-nuzzi-ryan-lizza-rfk-jr-affair.html,1
"Hancock ignored call to test all NHS staff, Covid inquiry hears",health,https://www.bbc.com/news/articles/cwywj1nj7jwo?at_medium=RSS&at_campaign=rss,0
"We were not treated as parents, Covid inquiry told",health,https://www.bbc.com/news/articles/c70z1ppyv5eo?at_medium=RSS&at_campaign=rss,3
Instagram to start closing Australian teen accounts ahead of social media ban,tech,https://www.bbc.com/news/articles/cz919xyx7weo?at_medium=RSS&at_campaign=rss,0
What the Reeves emails tell us in rental licence row,politics,https://www.bbc.com/news/articles/cj41y1ze9jyo?at_medium=RSS&at_campaign=rss,7
How TikTok Helped Meta Land an Antitrust Victory,tech,https://www.nytimes.com/2025/11/18/technology/meta-google-antitrust-tech.html,6
'Getting financial help through my GP has improved my health',health,https://www.bbc.com/news/articles/c0rpq9y2gq0o?at_medium=RSS&at_campaign=rss,7
Cassidy Got Pledges From RFK Jr. on Vaccines. They Haven’t Stuck.,health,https://www.nytimes.com/2025/11/21/us/politics/cassidy-cdc-vaccines-autism.html,0
Experimental therapy gantenerumab fails to slow or improve Alzheimer's memory loss in clinical trials,health,https://www.cnn.com/2022/11/14/health/gantenerumab-fails-clinical-trials-alzheimers/index.html,4
Retiring Before (or After) Your Partner? How to Navigate Money Issues,business,https://www.nytimes.com/2025/11/22/business/couples-retirement-planning.html,4
Mexico Is Now the United States’ Top Buyer,business,https://www.nytimes.com/2025/11/19/world/americas/us-mexico-trade.html,5
NHS waiting list down - how is your hospital doing?,health,https://www.bbc.com/news/articles/c3dn3ryl3p7o?at_medium=RSS&at_campaign=rss,6
Google boss says trillion-dollar AI investment boom has 'elements of irrationality',tech,https://www.bbc.com/news/articles/cwy7vrd8k4eo?at_medium=RSS&at_campaign=rss,3
Fire-blocking chemicals promise safer buildings,tech,https://www.bbc.com/news/articles/ckgkee0pw4ko?at_medium=RSS&at_campaign=rss,1
'Traumatic wait' for women facing breast cancer diagnoses,health,https://www.bbc.com/news/articles/c7812322gz3o?at_medium=RSS&at_campaign=rss,0
Why debit cards can cost more than credit cards,business,https://www.bbc.com/news/videos/czjpz97w2ejo?at_medium=RSS&at_campaign=rss,3
Is Scalp Care the New Big Beauty Trend?,health,https://www.nytimes.com/2025/11/20/style/scalp-care-beauty-trends-2025.html,4
The curious case of why Poundland is struggling during a cost-of-living crisis,business,https://www.bbc.com/news/articles/c4gkgxeeyzno?at_medium=RSS&at_campaign=rss,3
Netherlands Hands Back Control of Chinese-Owned Chipmaker Nexperia,tech,https://www.nytimes.com/2025/11/19/business/nexperia-netherlands-china-chips.html,7
Ever feel the need to switch off? Your vagus nerve might hold the key,health,https://www.bbc.com/news/articles/cy0k9yz5wexo?at_medium=RSS&at_campaign=rss,5
Fuzzy first photo of a black hole gets a sharp makeover,health,https://www.cnn.com/2023/04/14/world/sharp-black-hole-image-scn/index.html,2
The Boston Celtics become the first team to hit 30 wins this season with victory over the New Orleans Pelicans,sports,https://www.cnn.com/2023/01/12/sport/boston-celtics-30-wins-pelicans-nba-spt-intl/index.html,5
"Overlooked No More: Sabina Spielrein, Visionary Lost Between Freud and Jung",health,https://www.nytimes.com/2025/11/14/obituaries/sabina-spielrein-overlooked.html,0
The English neighbourhood that claims to hold the secret to fixing the NHS,health,https://www.bbc.com/news/articles/cn4w2p79v9eo?at_medium=RSS&at_campaign=rss,0
"Help! My Rental Car Died Within a Mile, and Avis Charged Me $1,367.",business,https://www.nytimes.com/2025/11/20/travel/avis-rental-car-repair-charges.html,1
Job Gains Disguise Weakness Beyond Service Industries,business,https://www.nytimes.com/2025/11/20/business/economy/jobs-report-september.html,2
"The Best Motorola Phones (2025), Tested and Reviewed",tech,https://www.wired.com/story/best-motorola-phones/,0
"Judge rules Meta doesn't have monopoly after Instagram, WhatsApp acquisitions",tech,https://www.bbc.com/news/articles/crklgrpdke8o?at_medium=RSS&at_campaign=rss,7
"Funding NHS facilities with private finance a breach of manifesto, Labour MPs say",politics,https://www.bbc.com/news/articles/cp8y8g7djxlo?at_medium=RSS&at_campaign=rss,3
Peacock Promo Code & Deals: 16% Off November 2025,tech,https://www.wired.com/story/peacock-promo-code/,6
Iranian chess referee fears ostracism over her activism,sports,https://www.cnn.com/2023/01/12/sport/iranian-chess-referee-shohreh-bayat-russia-spt-intl/index.html,4
Europe scrambles for counter-proposal to US-Russian plan for Ukraine,politics,https://news.sky.com/story/european-leaders-are-scrambling-for-counter-proposal-to-us-russian-peace-plan-for-ukraine-13473899,6
Everything we know about China's new 'super embassy',politics,https://news.sky.com/story/everything-we-know-about-chinas-new-super-embassy-13436706,7
MP's aide reported suspected China LinkedIn approach,politics,https://www.bbc.com/news/articles/c1k091l2w1yo?at_medium=RSS&at_campaign=rss,6
Teens plead not guilty over TfL cyber-attack,tech,https://www.bbc.com/news/articles/cvgjxlgyx87o?at_medium=RSS&at_campaign=rss,7
Dutch government suspends intervention into chipmaker Nexperia,business,https://www.bbc.com/news/articles/cz7p7j83rn1o?at_medium=RSS&at_campaign=rss,5
55 Best Early Black Friday Deals on WIRED-Tested Gear (2025),tech,https://www.wired.com/story/early-black-friday-deals-2025-2/,7
4 People Indicted in Alleged Conspiracy to Smuggle Supercomputers and Nvidia Chips to China,tech,https://www.wired.com/story/smuggling-supercomputers-china-nvidia-indictment/,2
What the Jobs Report Tells Us About the Economy,business,https://www.nytimes.com/video/business/economy/100000010534118/what-the-jobs-report-tells-us-about-the-economy.html,5
"Don't blindly trust what AI tells you, says Google's Sundar Pichai",tech,https://www.bbc.com/news/articles/c8drzv37z4jo?at_medium=RSS&at_campaign=rss,5
Could Reeves break a 50-year taboo by raising income tax in her Budget?,politics,https://www.bbc.com/news/articles/c74jvm17d79o?at_medium=RSS&at_campaign=rss,7
Trump Offers a Ukraine Peace Plan the Kremlin Can Love,politics,https://www.nytimes.com/2025/11/22/us/politics/trump-ukraine-russia-peace-plan-kremlin.html,6
"Eli Lilly, Drug Maker of Zepbound and Mounjaro, Reaches $1 Trillion in Value",health,https://www.nytimes.com/2025/11/21/health/eli-lilly-one-trillion-value-pharmaceuticals.html,7
'A predator in your home': Mothers say chatbots encouraged their sons to kill themselves,health,https://www.bbc.com/news/articles/ce3xgwyywe4o?at_medium=RSS&at_campaign=rss,7
The striking Swedish workers taking on carmaker Tesla,business,https://www.bbc.com/news/articles/c5y9082q0jjo?at_medium=RSS&at_campaign=rss,7
"Supreme Court, For Now, Keeps in Place Texas Republican-Friendly Congressional Map",politics,https://www.nytimes.com/2025/11/21/us/politics/supreme-court-texas-congressional-map.html,2
"'Toxic' No 10 culture harmed Covid response, inquiry finds",politics,https://www.bbc.com/news/articles/c986821m604o?at_medium=RSS&at_campaign=rss,6
The Crypto Industry’s $28 Billion in ‘Dirty Money’,tech,https://www.nytimes.com/2025/11/17/technology/crypto-exchanges-dirty-money.html,4
BBC confronts ex-Reform politician over pro-Russian bribes,politics,https://www.bbc.com/news/videos/c2087gnlgevo?at_medium=RSS&at_campaign=rss,6
Will AI mean better adverts or 'creepy slop'?,business,https://www.bbc.com/news/articles/ckg4y4z169go?at_medium=RSS&at_campaign=rss,7
This bat fossil could fill in a piece of the evolutionary puzzle,health,https://www.cnn.com/2023/04/13/americas/oldest-known-bat-fossils-reveal-new-species-scn/index.html,5
"As Sanctions on Russian Oil Loom, India Prepares to End Its Buying Spree",business,https://www.nytimes.com/2025/11/20/business/india-russia-oil-sanctions.html,5
The complications of dating with endometriosis,health,https://www.bbc.com/news/videos/cwy1lwwp280o?at_medium=RSS&at_campaign=rss,3
Paper airplane breaks a world distance record,health,https://www.cnn.com/2023/04/14/world/paper-airplane-boeing-engineers-world-record-scn/index.html,7
Botox was like going for coffee - but I had no idea if it was genuine,health,https://www.bbc.com/news/articles/c797vq95zzyo?at_medium=RSS&at_campaign=rss,4
'Taxes are going up' - BBC decodes Reeves's pre-Budget speech,politics,https://www.bbc.com/news/videos/cpd2yx6v687o?at_medium=RSS&at_campaign=rss,1
What made Pelé so great,sports,https://www.cnn.com/2022/12/30/football/what-made-pele-great-spt-intl/index.html,5
What a UK government led by Reform would really look like,politics,https://www.bbc.com/news/articles/cm2kyjrg77eo?at_medium=RSS&at_campaign=rss,0
Henry Zeffman: Efforts to shore up Starmer's leadership may have backfired,politics,https://www.bbc.com/news/articles/cz7p5zdlny5o?at_medium=RSS&at_campaign=rss,6
KitchenAid Promo Code: $250 Off in November 2025,tech,https://www.wired.com/story/exclusive-kitchenaid-promo-code/,0
The South African start-up bringing tech to townships,tech,https://www.bbc.com/news/videos/c2310jkr9y9o?at_medium=RSS&at_campaign=rss,6
Why an AI 'godfather' is quitting Meta after 12 years,tech,https://www.bbc.com/news/articles/cdx4x47w8p1o?at_medium=RSS&at_campaign=rss,0
Politicians rarely comment on the royals. That could all change after the Andrew saga,politics,https://www.bbc.com/news/articles/c2emj9r4j22o?at_medium=RSS&at_campaign=rss,5
'I missed a £100 council tax bill while in hospital – the debt ballooned to £6k',health,https://www.bbc.com/news/articles/cn43439n4xxo?at_medium=RSS&at_campaign=rss,4
The Climate Impact of Owning a Dog,tech,https://www.wired.com/story/the-climate-paradox-of-having-a-dog/,1
"11 Best Smartwatches (2025): Apple, Wear OS, Hybrid & Kids’ Watches",tech,https://www.wired.com/gallery/best-smartwatches/,2
Vinted blocks 'sickening' sexually explicit ads,tech,https://www.bbc.com/news/articles/cn515p22nxno?at_medium=RSS&at_campaign=rss,3
How do cold weather health alerts work?,health,https://www.bbc.com/news/articles/cd97dkx9g38o?at_medium=RSS&at_campaign=rss,3
OpenAI Locks Down San Francisco Offices Following Alleged Threat From Activist,tech,https://www.wired.com/story/openai-office-lockdown-threat-san-francisco/,2
Large UK-wide pandemic preparedness tests planned this year,health,https://www.bbc.com/news/articles/cj910k8g4l0o?at_medium=RSS&at_campaign=rss,5
Union and government to restart talks on ending doctor dispute,health,https://www.bbc.com/news/articles/c8jp9n928wko?at_medium=RSS&at_campaign=rss,5
Everything you need to know about the Budget,politics,https://www.bbc.com/news/articles/cj4w44w42j5o?at_medium=RSS&at_campaign=rss,4
Where does mudslinging over leadership leave Starmer's government?,politics,https://www.bbc.com/news/articles/c5yl60yp9g6o?at_medium=RSS&at_campaign=rss,7
"Judge me at next election, Starmer tells doubters",politics,https://www.bbc.com/news/articles/cwyp4gvn1v4o?at_medium=RSS&at_campaign=rss,0
NFL coach controversy: 'It's not about race. It's about finding quality coaches',sports,https://www.cnn.com/2023/01/10/sport/nfl-lovie-smith-diversity/index.html,4
The high tech studio transforming movie car stunts,tech,https://www.bbc.com/news/videos/cy8vez7v95po?at_medium=RSS&at_campaign=rss,3
The Briefing Room,business,https://www.bbc.co.uk/sounds/play/m002m0ff?at_medium=RSS&at_campaign=rss,5
Businesses are running out of pennies in the US,business,https://www.bbc.com/news/articles/c20556ly45eo?at_medium=RSS&at_campaign=rss,7
How close were hospitals to collapse in Covid?,health,https://www.bbc.com/news/articles/c78dl0xv7y2o?at_medium=RSS&at_campaign=rss,1
Damar Hamlin has been released after spending more than a week hospitalized due to a cardiac arrest,sports,https://www.cnn.com/2023/01/11/sport/damar-hamlin-buffalo-bills-hospital-release-spt/index.html,6
Labour's plan for benefits throws up a bigger dilemma,health,https://www.bbc.com/news/articles/cvgev3dvz3jo?at_medium=RSS&at_campaign=rss,2
Cloudflare apologises for outage which took down X and ChatGPT,tech,https://www.bbc.com/news/articles/c629pny4gl7o?at_medium=RSS&at_campaign=rss,0
"Saudi Arabia’s Prince Has Big Plans, but His Giant Fund Is Low on Cash",business,https://www.nytimes.com/2025/11/19/business/pif-saudi-arabia-fund-problems.html,0
Is the most expensive lip balm always the best?,health,https://www.bbc.co.uk/bitesize/articles/zswkfdm?at_medium=RSS&at_campaign=rss,4
"Instead of Fitbit’s AI Health Coach, You Could Just Have Friends",tech,https://www.wired.com/story/google-fitbit-health-coach-preview/,3
We Can Now Track Individual Monarch Butterflies. It’s a Revelation.,tech,https://www.nytimes.com/2025/11/17/science/monarch-butterfly-migration-tracking-sensor.html,3
"Best Bird Feeders With Cameras, Tested and Reviewed (2025)",tech,https://www.wired.com/story/best-smart-bird-feeders/,2
Doctors' union agrees to resume talks with Streeting,health,https://www.bbc.com/news/articles/cdrkdp3xy17o?at_medium=RSS&at_campaign=rss,0
How caffeine can help you manage headaches and other tips,health,https://www.bbc.com/news/articles/cgr44j201rzo?at_medium=RSS&at_campaign=rss,1
Facebook doesn't think hackers accessed third-party sites,business,http://money.cnn.com/2018/10/02/technology/facebook-hack-third-party/index.html?section=money_topstories,0
RFK Jr. Says He Instructed CDC to Change Vaccines and Autism Language on Website,health,https://www.nytimes.com/2025/11/21/us/politics/rfk-jr-cdc-vaccines-autism-website.html,5
U.S. and Ukrainian Officials to Meet Again on U.S. Peace Plan,politics,https://www.nytimes.com/2025/11/22/us/politics/us-ukraine-peace-plan.html,3
Zach Johnson isn't discounting Tiger Woods for the Ryder Cup,sports,https://www.cnn.com/2023/01/12/golf/tiger-woods-zach-johnson-ryder-cup-intl-spt/index.html,3
There Is Only One AI Company. Welcome to the Blob,tech,https://www.wired.com/story/ai-industry-monopoly-nvidia-microsoft-google/,5
The Best Red Light Therapy Mask You Can Buy Is Currently on Sale,tech,https://www.wired.com/story/best-current-body-black-friday-deals-2025/,6
Senators Want Extremism Researchers to Surrender Documents Linked to Right-Wing Grudges,tech,https://www.wired.com/story/senators-want-extremism-researchers-to-surrender-documents-linked-to-right-wing-grudges/,1
Fishing group 'devastated' after container fire,health,https://www.bbc.com/news/articles/c20167pqdn9o?at_medium=RSS&at_campaign=rss,0
Self-Driving Taxis Are Catching On. Are You Ready?,tech,https://www.nytimes.com/2025/11/18/technology/personaltech/zoox-driverless-taxis-san-francisco.html,3
"What you should know if there's no sexual attraction for your partner, according to a therapist",health,https://www.cnn.com/2022/11/08/health/sexual-attraction-importance-in-partner-wellness/index.html,4
Total Wireless Promo Codes & Deals: 50% Off Select Plans,tech,https://www.wired.com/story/total-wireless-promo-code/,2
Covid inquiry told top NHS doctor was terrified,health,https://www.bbc.com/news/articles/cd0gdzdv53yo?at_medium=RSS&at_campaign=rss,6
Voters react to MP's surprise offer to Burnham,politics,https://www.bbc.com/news/articles/c8676eve400o?at_medium=RSS&at_campaign=rss,1
Ford boss: 'Now is not the time to tax electric vehicles',tech,https://www.bbc.com/news/articles/c5yp1ky55g1o?at_medium=RSS&at_campaign=rss,4
"Meta Did Not Violate the Law When It Bought Instagram and WhatsApp, a Judge Rules",tech,https://www.nytimes.com/2025/11/18/technology/meta-antitrust-monopoly-ruling.html,7
Walmart Sales Rise as Shoppers Look For Savings,business,https://www.nytimes.com/2025/11/20/business/walmart-holiday-sales.html,7
The 65 Best Deals From REI’s 2025 Holiday Sale,tech,https://www.wired.com/story/rei-holiday-sale-nov-2025/,6
The Egyptian green tech firm looking to cut energy bills,tech,https://www.bbc.com/news/videos/cy0kzlwpl1go?at_medium=RSS&at_campaign=rss,7
Starmer 'playing whack-a-mole' to keep US on side - but will it be enough?,politics,https://news.sky.com/story/starmer-playing-whack-a-mole-to-keep-us-on-side-but-will-it-be-enough-13474045,3
Did Nvidia Do Enough to Chill A.I. Bubble Fears?,business,https://www.nytimes.com/2025/11/20/business/dealbook/nvidia-ai-boom.html,2
TikTok creator 'so sorry' over cancer diagnosis lie,health,https://www.bbc.com/news/articles/c1e3ygwy77yo?at_medium=RSS&at_campaign=rss,2
"December Rate Cut in Doubt as Fed Fault Lines Deepen, Minutes Show",business,https://www.nytimes.com/2025/11/19/business/fed-minutes-interest-rates.html,7
A Swath of Bank Customer Data Was Hacked. The F.B.I. Is Investigating.,business,https://www.nytimes.com/2025/11/22/business/bank-data-hack.html,3
S&P downgrades debt-riddled GE and GE Capital,business,http://money.cnn.com/2018/10/02/investing/general-electric-downgrade-debt/index.html?section=money_topstories,5
Hands On With Google’s Nano Banana Pro Image Generator,tech,https://www.wired.com/story/google-nano-banana-pro-hands-on/,4
EastEnders' Kellie Bright on the challenges of being parent of an autistic child,health,https://www.bbc.com/news/articles/c0jqy8pn275o?at_medium=RSS&at_campaign=rss,2
"In the House, Censures Proliferate, Reflecting a Poisonous Climate",politics,https://www.nytimes.com/2025/11/22/us/politics/house-censures.html,2
Delayed Jobs Data to Give Snapshot of a Labor Market Under Stress,business,https://www.nytimes.com/live/2025/business/jobs-report-economy/jobs-data-labor-market,7
SoftBank and Toyota want driverless cars to change the world,business,http://money.cnn.com/2018/10/04/technology/softbank-toyota-masa-son/index.html?section=money_topstories,5
"One day of planning went into Covid school closures, inquiry hears",health,https://www.bbc.com/news/articles/c9dx6ey37y3o?at_medium=RSS&at_campaign=rss,0
"Sleep, exercise, hydrate - do we really need to stick to recommended daily doses?",health,https://www.bbc.com/news/articles/cwygy378nn1o?at_medium=RSS&at_campaign=rss,5
Crypto companies are trying to cash in at a really bad time,business,http://money.cnn.com/2018/09/27/technology/bitcoin-mining-ipo/index.html?section=money_topstories,7
MediaWorld Accidentally Sold iPads for €15 and Asked for Them Back: “It Was a Clear Mistake”,tech,https://www.wired.com/story/mediaworld-accidentally-sold-ipads-for-euro15-then-it-asked-for-them-back/,3
The battle is on for the Conservatives to show they matter,politics,https://www.bbc.com/news/articles/c864dzn827xo?at_medium=RSS&at_campaign=rss,7
Is the system letting down people who were harmed by Covid vaccines?,health,https://www.bbc.com/news/articles/c1d5d6nng67o?at_medium=RSS&at_campaign=rss,4
RFK Jr. Walks a Tightrope on Trump Deal for Obesity Drugs,health,https://www.nytimes.com/2025/11/14/health/rfkjr-obesity-drugs.html,6
Ketamine helped me escape my negative thoughts - then it nearly killed me,health,https://www.bbc.com/news/articles/c70r1xdyy59o?at_medium=RSS&at_campaign=rss,5
"Best Indoor TV Antenna (2025): Mohu, Clearstream, One for All",tech,https://www.wired.com/gallery/best-tv-antennas/,3
How Newsom and Trump Have Made California the Unlikely Center of 2025 Politics,politics,https://www.nytimes.com/2025/11/21/us/politics/newsom-trump-california-politics.html,3
Starmer refuses to rule out manifesto-breaking tax rises in budget,politics,https://news.sky.com/story/starmer-refuses-to-rule-out-manifesto-breaking-tax-rises-in-budget-13473641,1
Texas Measles Strain Continues to Spread,health,https://www.nytimes.com/2025/11/17/health/measles-us-elimination-status-outbreaks.html,3
AI vs superbugs: UK invests millions to tackle drug-resistant infections,health,https://www.bbc.com/news/articles/cp97ggrnn35o?at_medium=RSS&at_campaign=rss,7
Why the 5G symbol on your phone doesn't mean you have 5G,business,https://www.bbc.com/news/articles/crexqyj7n5lo?at_medium=RSS&at_campaign=rss,1
Tyson Foods to Shut Major Beef Facility in Nebraska,business,https://www.nytimes.com/2025/11/21/business/tyson-lexington-nebraska-closing.html,3
'Since having Covid my life has completely changed',health,https://www.bbc.com/news/articles/c62l6gxvpn2o?at_medium=RSS&at_campaign=rss,4
Gove apologises after Covid report alleges 'toxic' culture,politics,https://www.bbc.com/news/articles/c9qeglxwwx7o?at_medium=RSS&at_campaign=rss,7
Wheelchair? Hearing Aids? Yes. ‘Disabled’? No Way.,health,https://www.nytimes.com/2025/11/15/health/older-people-disability.html,5
Comey Seeks to Dismiss Charges Based on Grand Jury Errors,politics,https://www.nytimes.com/2025/11/21/us/politics/comey-halligan-dismiss-charges.html,5
Tennis star Naomi Osaka announces she is pregnant,sports,https://www.cnn.com/2023/01/11/tennis/naomi-osaka-pregnancy-tennis-spt-intl/index.html,2
Federal Suit Seeking Names of Some Jewish Employees at Penn Sparks Backlash,politics,https://www.nytimes.com/2025/11/21/us/eeoc-university-pennsylvania-antisemitism-jewish.html,4
Covid inquiry told Treasury blocked NHS bed request,health,https://www.bbc.com/news/articles/c4gpwz3qyr0o?at_medium=RSS&at_campaign=rss,4
"13 Best MagSafe Power Banks for iPhones (2025), Tested and Reviewed",tech,https://www.wired.com/gallery/best-magsafe-power-banks/,4
Streaming platform Twitch added to Australia's teen social media ban,tech,https://www.bbc.com/news/articles/cx2n2955g10o?at_medium=RSS&at_campaign=rss,4
Your kid having a hard time? Dr Becky has this tip,health,https://www.bbc.com/news/videos/cn515z7x44no?at_medium=RSS&at_campaign=rss,7
"Trump Calling Reporter ‘Piggy’ Was ‘Frankness,’ White House Says",business,https://www.nytimes.com/2025/11/20/business/media/trump-leavitt-reporter-piggy.html,3
Boris Johnson left Inquiry in a hurry - he'll be pleased not to come back,health,https://www.bbc.com/news/articles/cj6nennz0nyo?at_medium=RSS&at_campaign=rss,2
A $100 Million AI Super PAC Targeted New York Democrat Alex Bores. He Thinks It Backfired,tech,https://www.wired.com/story/alex-bores-andreessen-horowitz-super-pac-ai-regulation-new-york/,4
"Call of Duty is back, and it's got a battle on its hands",tech,https://www.bbc.com/news/articles/cy9pwgqvr7go?at_medium=RSS&at_campaign=rss,2
Formula 1 tech used to rev-up train wi-fi speeds in new pilot,tech,https://www.bbc.com/news/articles/cqjwkdez71ro?at_medium=RSS&at_campaign=rss,3
Growing up as young man 'not easy' says PM in letter to son,politics,https://www.bbc.com/news/articles/ckgkgnk7nyeo?at_medium=RSS&at_campaign=rss,1
New flu virus mutation could see 'worst season in a decade',health,https://www.bbc.com/news/articles/c2dr8gzdz1wo?at_medium=RSS&at_campaign=rss,6
Your nose gets colder when you're stressed. These thermal images show the change,health,https://www.bbc.com/news/articles/cj076ynnlpgo?at_medium=RSS&at_campaign=rss,1
A Computer Science Professor Invented the Emoticon After a Joke Went Wrong,tech,https://www.wired.com/story/a-computer-scientist-invented-the-emoticon-after-his-colleagues-misunderstood-sarcasm/,1
Lockdown could have been avoided - key findings from Covid inquiry,politics,https://www.bbc.com/news/articles/cpq1q49r08go?at_medium=RSS&at_campaign=rss,3
Covid inquiry hears of 'generational slaughter',health,https://www.bbc.com/news/articles/cy8kkxn20ddo?at_medium=RSS&at_campaign=rss,3
5 Live News Specials,health,https://www.bbc.co.uk/sounds/play/p0mhhzhv?at_medium=RSS&at_campaign=rss,4
Infant Formula Company Tied to Botulism Outbreak Had Known Problems,health,https://www.nytimes.com/2025/11/13/health/infant-formula-botulism.html,6
Non-smoker diagnosed with lung cancer at 37 demands 'urgent action',health,https://www.bbc.com/news/articles/clydlj9d50ro?at_medium=RSS&at_campaign=rss,6
September Jobs Report Injects More Uncertainty Into Fed’s December Decision,business,https://www.nytimes.com/2025/11/20/business/economy/jobs-report-september-inflation-fed-rates.html,3
Former Labour MP Lloyd Russell-Moyle joins Greens,politics,https://www.bbc.com/news/articles/c9v1vl2g7pno?at_medium=RSS&at_campaign=rss,0
Top Fed Official Boosts Odds of a December Rate Cut,business,https://www.nytimes.com/2025/11/21/business/fed-interest-rates-inflation-jobs.html,2
German nurse gets life in jail after murdering 10 to reduce workload,health,https://www.bbc.com/news/articles/cz0xgrv7543o?at_medium=RSS&at_campaign=rss,1
How my on-air 'brain fog' moment sparked a big debate,tech,https://www.bbc.com/news/articles/c4gpkenx9dzo?at_medium=RSS&at_campaign=rss,2
Family Affair: Commerce Secretary’s Sons Cash In on A.I. Frenzy,tech,https://www.nytimes.com/2025/11/20/us/politics/howard-lutnick-family-ai.html,4
Former Welsh Reform leader jailed for pro-Russia bribery,politics,https://www.bbc.com/news/articles/c5yd878ejqko?at_medium=RSS&at_campaign=rss,4
We Asked Roblox’s C.E.O. About Child Safety. It Got Tense.,tech,https://www.nytimes.com/2025/11/21/podcasts/hardfork-roblox-child-safety.html,4
AirDoctor Coupon Codes: 40% Off | November 2025,tech,https://www.wired.com/story/airdoctor-coupon-code/,4
Tech Now,tech,https://www.bbc.co.uk/iplayer/episode/m002mh8p?at_medium=RSS&at_campaign=rss,0
Why it's time for investors to go on the defense,business,http://money.cnn.com/2018/10/03/investing/markets-now-investing-defense/index.html?section=money_topstories,4
Marjorie Taylor Greene’s Resignation Hints at Divisions in Trump’s Movement,politics,https://www.nytimes.com/2025/11/22/us/politics/marjorie-taylor-greene-trump-republicans.html,7
Judge Places Hold on IRS Data Sharing With ICE,business,https://www.nytimes.com/2025/11/21/business/irs-ice-migrants-addresses.html,0
Sex Had Become a Chore. Then They Started Reading Romantasy.,health,https://www.nytimes.com/2025/11/17/well/romantasy-books-sex-intimacy.html,0
"UK did 'too little, too late', leading to thousands more Covid deaths - inquiry",health,https://www.bbc.com/news/articles/c8030xvvlv0o?at_medium=RSS&at_campaign=rss,3
How WhatsApp messages revealed ex-Reform politician's pro-Russian bribes,politics,https://www.bbc.com/news/articles/cn8vnv3dk0vo?at_medium=RSS&at_campaign=rss,1
Families failed by Covid jabs tell inquiry of pain,health,https://www.bbc.com/news/articles/c4gzleyydp8o?at_medium=RSS&at_campaign=rss,3
A Viral Chinese Wristband Claims to Zap You Awake. The Public Says 'No Thanks’,tech,https://www.wired.com/story/viral-chinese-wristband-claims-to-zap-you-awake/,3
"From feminist pioneers to putting pros, the historic journey of the world's oldest ladies golf club",sports,https://www.cnn.com/2023/01/10/golf/st-andrews-ladies-putting-club-spt-spc-intl/index.html,5
Starmer's political capital fading fast as he nears tax-raising budget,politics,https://news.sky.com/story/starmers-political-capital-fading-fast-as-he-nears-tax-raising-budget-13473684,4
What's behind Rachel Reeves's 'hokey cokey' on income tax rises?,politics,https://www.bbc.com/news/articles/cx2yzj6619wo?at_medium=RSS&at_campaign=rss,5
"The ex-Reform UK leader who took bribes, made pro-Russia speeches",politics,https://www.bbc.com/news/videos/cx23l0jlwx2o?at_medium=RSS&at_campaign=rss,5
"ADHD services shutting door to new NHS patients as demand soars, BBC finds",health,https://www.bbc.com/news/articles/c4gpl150ze4o?at_medium=RSS&at_campaign=rss,3
"Getting health insurance through work now costs nearly $20,000",business,http://money.cnn.com/2018/10/03/news/economy/employer-health-insurance-cost/index.html?section=money_topstories,7
Vapers overtake smokers for first time in Britain,health,https://www.bbc.com/news/articles/ceq0z9e2wwwo?at_medium=RSS&at_campaign=rss,7
Brazilian soccer star under investigation for alleged sexual assault,sports,https://www.cnn.com/2023/01/11/football/dani-alves-catalonia-higher-court-of-justice-spt-intl/index.html,6
Community freecycle event expands to third site,business,https://www.bbc.com/news/articles/crexe0v5jlro?at_medium=RSS&at_campaign=rss,2
"As crises pile up, can the Home Office be fixed?",politics,https://www.bbc.com/news/articles/c0mx83n8m29o?at_medium=RSS&at_campaign=rss,7
7 things to know before the bell,business,http://money.cnn.com/2018/10/04/investing/premarket-stocks-trading/index.html?section=money_topstories,7
MP tells Commons he was raped after night out,politics,https://www.bbc.com/news/articles/cwyp4w4jzpxo?at_medium=RSS&at_campaign=rss,7
Aston Martin falls 5% in its London IPO,business,http://money.cnn.com/2018/10/03/investing/aston-martin-ipo/index.html?section=money_topstories,1
These Beats Headphones Are Marked Down to $150 for Black Friday,tech,https://www.wired.com/story/beats-studio-pro-deal-1125/,7
"Thousands of French Brands Sue Shein, Accusing It of Unfair Competition",business,https://www.nytimes.com/2025/11/21/business/french-brands-sue-shein.html,2
"A.I. Toy Bear Speaks of Sex, Knives and Pills, Consumer Group Warns",tech,https://www.nytimes.com/2025/11/22/us/folotoy-ai-bear-suspended-explicit-advice.html,4
Daily Mail publisher agrees to buy Daily Telegraph for £500m,business,https://www.bbc.com/news/articles/cx2eg1w0n81o?at_medium=RSS&at_campaign=rss,5
The internet industry is suing California over its net neutrality law,business,http://money.cnn.com/2018/10/03/technology/california-net-neutrality-suit/index.html?section=money_topstories,3
"My eating disorder made me good at lying, says Victoria Beckham",health,https://www.bbc.com/news/articles/crrj4v9wre8o?at_medium=RSS&at_campaign=rss,6
"Deepfake 'nudify' site fined £55,000 over lack of age checks",tech,https://www.bbc.com/news/articles/c0qpq5q9712o?at_medium=RSS&at_campaign=rss,1
Volkswagen dumps jailed Audi CEO,business,http://money.cnn.com/2018/10/02/news/volkswagen-audi-rupert-stadler/index.html?section=money_topstories,5
How Fraudsters Use Cryptocurrency A.T.M.s to Target Victims,tech,https://www.nytimes.com/2025/11/17/technology/fraudsters-cryptocurrency-atms.html,6
"NHS needs better plan around weight loss jabs, warn experts",health,https://www.bbc.com/news/articles/c5y03p4xlx8o?at_medium=RSS&at_campaign=rss,2
Channel Tunnel says UK investment 'non-viable' as it halts projects,politics,https://www.bbc.com/news/articles/cx2n215nqvyo?at_medium=RSS&at_campaign=rss,1
Some migrants to face 20 year wait for settled status,politics,https://www.bbc.com/news/articles/c3w9wlney23o?at_medium=RSS&at_campaign=rss,3
Uneasiness Over A.I. Spending Looms Over Markets,business,https://www.nytimes.com/2025/11/20/business/stocks-ai-global.html,0
Activists Are Using ‘Fortnite’ to Fight Back Against ICE,tech,https://www.wired.com/story/activists-are-using-fortnite-to-fight-back-against-ice/,4
Got a Pixel 10? Google’s Android Phone Can Now Share Files With Apple’s AirDrop,tech,https://www.wired.com/story/pixel-10-can-now-share-files-with-apples-airdrop/,5
Will quantum be bigger than AI?,business,https://www.bbc.com/news/articles/c04gvx7egw5o?at_medium=RSS&at_campaign=rss,7
Sean Duffy Asks Travelers to ‘Bring Civility Back’ to Airports in New PSA,business,https://www.nytimes.com/2025/11/21/travel/sean-duffy-airlines-manners-video.html,3
Tell Us How You Watch TV and Movies,business,https://www.nytimes.com/2025/11/21/business/media/movie-tv-habits.html,0
How is Britain's immigration system actually changing?,politics,https://news.sky.com/story/britains-immigration-system-changes-explained-amid-biggest-shake-up-in-50-years-13473393,4
The start-up creating science kits for young Africans,business,https://www.bbc.com/news/articles/c201zx3yyx1o?at_medium=RSS&at_campaign=rss,2
'I didn't tell anyone about my medical cannabis prescription',health,https://www.bbc.com/news/videos/cvg43vdk37no?at_medium=RSS&at_campaign=rss,4
Unprecedented plan for asylum system sees government walk tightrope,politics,https://www.bbc.com/news/articles/c3vngkp1ykko?at_medium=RSS&at_campaign=rss,5
Roblox Rolls Out Face Scans for Age Verification: What to Know,business,https://www.nytimes.com/2025/11/21/business/roblox-age-verification.html,4
Microsoft unveils new Surface devices,business,http://money.cnn.com/2018/10/02/technology/microsoft-surface-computers/index.html?section=money_topstories,5
6 Best Phones With Headphone Jacks (2025): Tested and Reviewed,tech,https://www.wired.com/gallery/best-headphone-jack-phones/,1
"Daily Mail Owner Agrees to Buy The Telegraph, Consolidating Right-Leaning Media in Britain",business,https://www.nytimes.com/2025/11/22/business/dealbook/telegraph-daily-mail.html,7
"Covid-19 boosters could keep thousands of kids out of hospitals, but uptake remains low",health,https://www.cnn.com/2022/11/15/health/covid-booster-child-hospitalization/index.html,4
Gin maker fears further tax increase in Budget,business,https://www.bbc.com/news/articles/cn817gl7q90o?at_medium=RSS&at_campaign=rss,7
Households face unexpected rise in energy prices in new year,business,https://www.bbc.com/news/articles/c2lplg7d9ewo?at_medium=RSS&at_campaign=rss,3
Priyanka Chopra is helping Bumble expand in India,business,http://money.cnn.com/2018/10/03/technology/bumble-india-priyanka-chopra/index.html?section=money_topstories,7
Burnham refuses to rule out challenging Starmer for leadership,politics,https://www.bbc.com/news/articles/cj9797pvmk7o?at_medium=RSS&at_campaign=rss,2
Jeff Bezos Creates A.I. Start-Up Where He Will Be Co-Chief Executive,tech,https://www.nytimes.com/2025/11/17/technology/bezos-project-prometheus.html,3
"After Shutdown, Labor Department Says Some Data is Gone for Good",business,https://www.nytimes.com/2025/11/19/business/economy/labor-department-economy-data-october.html,5
"Almost one million young people still not in work or education, figures show",business,https://www.bbc.com/news/articles/c62920440m2o?at_medium=RSS&at_campaign=rss,7
How Trump and Nvidia’s C.E.O. Became Partners on the International Stage,tech,https://www.nytimes.com/2025/11/19/technology/trump-nvidia-jensen-huang.html,7
"In the A.I. Race, Chinese Talent Still Drives American Research",tech,https://www.nytimes.com/2025/11/19/technology/ai-research-chinese-talent.html,3
The real fallout after the ousting of Labour from a super safe seat in Wales,politics,https://www.bbc.com/news/articles/c751yd96y5ko?at_medium=RSS&at_campaign=rss,4
Ex mayor Joe Anderson denies bribery and misconduct,politics,https://www.bbc.com/news/articles/c79xw8wpyyyo?at_medium=RSS&at_campaign=rss,1
Government borrowing for October higher than expected,politics,https://www.bbc.com/news/articles/c20508068jno?at_medium=RSS&at_campaign=rss,3
Who is Starmer's chief of staff Morgan McSweeney?,politics,https://www.bbc.com/news/articles/cy0l9z7qv0lo?at_medium=RSS&at_campaign=rss,7
From florist to drone maker: How the weapon became so mainstream,business,https://www.bbc.com/news/articles/c4g3ydv2ygro?at_medium=RSS&at_campaign=rss,3
Magnesium: Can this 'miracle mineral' really help us sleep?,health,https://www.bbc.com/news/articles/czxn1qxrr32o?at_medium=RSS&at_campaign=rss,1
NHS tracker - are hospital waiting times improving near you?,health,https://www.bbc.com/news/articles/cq53qx2vg6jo?at_medium=RSS&at_campaign=rss,0
How the outsourcing sector became South Africa's newest goldmine,business,https://www.bbc.com/news/articles/cq50ze3ee7po?at_medium=RSS&at_campaign=rss,2
British hacker must repay £4m after hijacking celebrity Twitter accounts,tech,https://www.bbc.com/news/articles/c709ppwpw1wo?at_medium=RSS&at_campaign=rss,5
Posha vs. Thermomix: Kitchen Robots Face Off on Thanksgiving Sides,tech,https://www.wired.com/story/i-tasked-rival-robots-with-cooking-my-thanksgiving-dinner/,2
Our third date was at a fertility clinic - finding love with endometriosis,health,https://www.bbc.com/news/videos/c20176g79w5o?at_medium=RSS&at_campaign=rss,5
Starmer labels Farage 'spineless' over handling of racism claims,politics,https://www.bbc.com/news/articles/cvgkgyr4515o?at_medium=RSS&at_campaign=rss,0
"Representative Jeff Van Drew’s Aide Faked Anti-Trump Slashing Attack, U.S. Says",politics,https://www.nytimes.com/2025/11/21/nyregion/congressional-aide-new-jersey-hoax.html,1
Lack of online age verification sparks concern,tech,https://www.bbc.com/news/articles/ce9d900zd58o?at_medium=RSS&at_campaign=rss,6
"Shoppers, Tell Us About Customs Duties on Items Bought From Overseas",business,https://www.nytimes.com/2025/11/21/business/shopping-customs-costs-overseas.html,1
Tech giant seeking $1.7bn from Mike Lynch's estate after yacht death,tech,https://www.bbc.com/news/articles/cz7p4gynxlzo?at_medium=RSS&at_campaign=rss,0
Racing yacht just keeps on giving in extraordinary ways,sports,https://www.cnn.com/2023/01/10/sport/maiden-sailing-tracy-edwards-spt-intl/index.html,4
California Has a Legal Clause for Housing That Could Put NIMBYs in a Corner,business,https://www.nytimes.com/2025/11/20/business/economy/california-housing-nimby.html,0
"Being a mum is harder than being deputy first minister, says Kate Forbes",politics,https://www.bbc.com/news/articles/c620281p8pko?at_medium=RSS&at_campaign=rss,1
US jobs saw surprising jump in September after slow summer,business,https://www.bbc.com/news/articles/cvg423n377lo?at_medium=RSS&at_campaign=rss,2
The teenage caffeine pouch trend troubling US experts,health,https://www.bbc.com/news/articles/cy8k8xgry98o?at_medium=RSS&at_campaign=rss,7
Atlético Madrid forward João Félix joins Chelsea on loan until end of season,sports,https://www.cnn.com/2023/01/11/football/joao-felix-atletico-madrid-chelsea-spt-intl/index.html,1
'I have a sweating problem': What Alan Carr's Traitors admission tells us about how social taboos changed,health,https://www.bbc.com/news/articles/cwy51pgql7eo?at_medium=RSS&at_campaign=rss,3
The junior doctors' strikes may be over. But is trouble ahead?,health,https://www.bbc.com/news/articles/c19kdyyxzr3o?at_medium=RSS&at_campaign=rss,3
"For Marjorie Taylor Greene, a Rough Education in MAGA Politics",politics,https://www.nytimes.com/2025/11/22/us/politics/marjorie-taylor-greene.html,2
"Budget must focus on housing, says shelter resident",business,https://www.bbc.com/news/articles/c3eplqwzj52o?at_medium=RSS&at_campaign=rss,1
What is the UK Covid inquiry and how does it work?,health,https://www.bbc.com/news/articles/cdr3kx6xmp5o?at_medium=RSS&at_campaign=rss,4
'My first cervical screening was over before I knew it',health,https://www.bbc.com/news/articles/cd0jkk3nnrlo?at_medium=RSS&at_campaign=rss,5
Trump yet to speak to Starmer over BBC row,politics,https://www.bbc.com/news/articles/crl9rn9d63xo?at_medium=RSS&at_campaign=rss,1
UFC president Dana White does not expect punishment for domestic violence incident,sports,https://www.cnn.com/2023/01/12/sport/dana-white-ufc-domestic-violence-spt-intl/index.html,0
Generation K: The disturbing rise of ketamine abuse among young people,health,https://www.bbc.com/news/articles/c5y0g2gnjrqo?at_medium=RSS&at_campaign=rss,3
"Superman Comic Sets Auction Record, Selling for $9.12 Million",business,https://www.nytimes.com/2025/11/20/arts/superman-comic-auction.html,0
It's getting a lot harder for global brands to win in China,business,http://money.cnn.com/2018/09/25/news/companies/brands-china-consumer/index.html?section=money_topstories,6
"17 Best French Presses (2025): Plastic, Glass, Stainless Steel, Travel",tech,https://www.wired.com/gallery/best-french-press-for-morning-brew/,2
Pranksters Recreated a Working Version of Jeffrey Epstein’s Gmail Inbox,tech,https://www.wired.com/story/pranksters-recreated-a-working-version-of-jeffrey-epstein-gmail-inbox/,4
Delayed action before 2020 Christmas lockdown 'inexcusable',health,https://www.bbc.com/news/articles/cn090n0gq02o?at_medium=RSS&at_campaign=rss,1
Australian Open draw: Rafael Nadal begins title defense with tough test in opening round,sports,https://www.cnn.com/2023/01/12/tennis/australian-open-draw-nadal-djokovic-swiatek-spt-intl/index.html,5
Second MP quits new left-wing Your Party group,politics,https://www.bbc.com/news/articles/cdd57e924meo?at_medium=RSS&at_campaign=rss,7
U.S. Manufacturers to Benefit as GE Appliances Shifts Production,business,https://www.nytimes.com/2025/11/20/business/ge-appliances-us-production.html,6
Trans people could be barred from services based on appearance,politics,https://www.bbc.com/news/articles/cy0y07959djo?at_medium=RSS&at_campaign=rss,0
EV grant scheme boost worth £1.3bn expected in Budget,politics,https://www.bbc.com/news/articles/c39pk873wlwo?at_medium=RSS&at_campaign=rss,4
"At 21, I was crushed by a stranger's joke about going bald. Then the way I looked at myself changed",health,https://www.bbc.com/news/articles/c993ygv9g25o?at_medium=RSS&at_campaign=rss,2
"Holiday Hiring Slows, Frustrating Job Seekers",business,https://www.nytimes.com/2025/11/20/business/retailers-scale-back-holiday-hiring.html,5
The doctor strike has ended - what comes next?,health,https://www.bbc.com/news/articles/c4glxxxj3e0o?at_medium=RSS&at_campaign=rss,3
Your guide to finding the right Theragun massage gun for you,health,https://www.cnn.com/2020/08/28/cnn-underscored/theragun-review/index.html,4
NHS hours from PPE running out in Covid - Hancock,health,https://www.bbc.com/news/articles/ce89k5j27z1o?at_medium=RSS&at_campaign=rss,3
"The Fed, Crypto and A.I. Weigh on the Markets",business,https://www.nytimes.com/2025/11/21/business/dealbook/stocks-crypto-fed-market-turmoil.html,3
Pharmacist suspended after BBC Botox sting,health,https://www.bbc.com/news/articles/cz6n2vwdq8go?at_medium=RSS&at_campaign=rss,5
What's in the Covid inquiry report... in 68 seconds,health,https://www.bbc.com/news/videos/cx2p271kwego?at_medium=RSS&at_campaign=rss,1
'HMRC stopped my child benefit after going on holiday',politics,https://www.bbc.com/news/articles/cge5nl4qxdno?at_medium=RSS&at_campaign=rss,3
Pelé's final hurrah at New York Cosmos helped spark 'sporting revolution',sports,https://www.cnn.com/2022/12/31/football/pele-new-york-cosmos-north-america-revolution-spt-intl/index.html,7
Starmer and Zelensky discuss US peace plan for Ukraine,politics,https://www.bbc.com/news/articles/cp9kry2vvrro?at_medium=RSS&at_campaign=rss,4
Frida Kahlo self-portrait sells for record-breaking $55m,business,https://www.bbc.com/news/articles/cdege1867lno?at_medium=RSS&at_campaign=rss,0
Senate Democrats Investigate Kennedy Center Deals With Trump Allies,business,https://www.nytimes.com/2025/11/20/us/politics/democrats-kennedy-center-investigate.html,5
Three bits of good news about inflation drop,business,https://www.bbc.com/news/videos/cp97d9g29e8o?at_medium=RSS&at_campaign=rss,0
"Reeves lays ground for painful Budget, but will it be worth it?",politics,https://www.bbc.com/news/articles/c4g35z4ylkjo?at_medium=RSS&at_campaign=rss,0
"These robots can clean, exercise - and care for you in old age. Would you trust them to?",business,https://www.bbc.com/news/articles/c9wdzyyglq5o?at_medium=RSS&at_campaign=rss,1
Nathan Gill was about to board a flight to Russia when accepting bribes finally caught up with him,politics,https://news.sky.com/story/from-xmas-gifts-to-piles-of-cash-how-ex-reform-mep-was-caught-doing-russias-bidding-13473671,1
Roblox blocks children from chatting to adult strangers,tech,https://www.bbc.com/news/articles/c2lp5pn9e1qo?at_medium=RSS&at_campaign=rss,3
Toothbrush packs to be given to 'most vulnerable',business,https://www.bbc.com/news/articles/cr5zn2v3q8yo?at_medium=RSS&at_campaign=rss,4
You can now book online to see your GP. But is it any easier to get an appointment?,health,https://www.bbc.com/news/articles/c8x19k50dlpo?at_medium=RSS&at_campaign=rss,4
"As Democrats Look to a New Generation, John Larson Hangs On",politics,https://www.nytimes.com/2025/11/22/us/politics/john-larson-connecticut-congress-election.html,6
"How does the disposable vape ban work, and how harmful is vaping?",health,https://www.bbc.com/news/articles/czxyny0w7wdo?at_medium=RSS&at_campaign=rss,4
Nvidia shares rise after strong results ease 'AI bubble' concerns,tech,https://www.bbc.com/news/articles/cly4y2enywro?at_medium=RSS&at_campaign=rss,5
BMA rejects fresh offer to end doctor strikes,health,https://www.bbc.com/news/articles/cdrze1rzejlo?at_medium=RSS&at_campaign=rss,4
All eyes on Congress as vote on Kavanaugh draws near,business,http://money.cnn.com/2018/10/04/media/reliable-sources-10-03-18/index.html?section=money_topstories,1
Rail fares to be frozen in England next year,politics,https://www.bbc.com/news/articles/cwygx71g3n7o?at_medium=RSS&at_campaign=rss,4
A Tap-to-Pay Society Is Leaving These New Yorkers Behind,business,https://www.nytimes.com/2025/11/21/nyregion/cashless-economy.html,5
Marjorie Taylor Greene’s Exit Deals a Blow to Republicans’ Majority in Congress,politics,https://www.nytimes.com/2025/11/22/us/politics/marjorie-taylor-greene-republicans.html,1
Why do Channel migrants want to come to the UK?,politics,https://www.bbc.com/news/articles/cy9xyn30yj0o?at_medium=RSS&at_campaign=rss,4
"Paying failed asylum seekers to leave is value for money, says Mahmood",politics,https://www.bbc.com/news/articles/cj41r4l0v9jo?at_medium=RSS&at_campaign=rss,1
Trump Elevates Once-Fringe Meme Makers to the Mainstream,tech,https://www.nytimes.com/2025/11/20/technology/trump-ai-memes.html,6
"Gear News of the Week: Matter 1.5 Adds Smart Home Camera Support, and Gemini Comes to Android Auto",tech,https://www.wired.com/story/gear-news-of-the-week-matter-15-adds-smart-home-camera-support-and-gemini-comes-to-android-auto/,3
US Border Patrol Is Spying on Millions of American Drivers,tech,https://www.wired.com/story/security-news-this-week-us-border-patrol-is-spying-on-millions-of-american-drivers/,7
Europe Begins Rethinking Its Crackdown on Big Tech,tech,https://www.nytimes.com/2025/11/17/technology/europe-big-tech.html,0
"Yann LeCun, a Pioneering A.I. Scientist, Leaves Meta",tech,https://www.nytimes.com/2025/11/19/technology/yann-lecun-ai-scientist-meta.html,3
"Major League Baseball signs deals with Netflix, ESPN and NBCUniversal",tech,https://www.bbc.com/news/articles/c4gjg38zyd8o?at_medium=RSS&at_campaign=rss,5
Australia pulls out of Afghanistan cricket series over Taliban's restrictions on women,sports,https://www.cnn.com/2023/01/12/sport/australia-afghanistan-cricket-taliban-intl-hnk-spt/index.html,4
Wellbeing support for terminally-ill islanders,health,https://www.bbc.com/news/articles/cvgkxj52km4o?at_medium=RSS&at_campaign=rss,4
"Nurses penalised for trans complaint, says lawyer",health,https://www.bbc.com/news/articles/cly4wnkvy9jo?at_medium=RSS&at_campaign=rss,3
"US gets D+ grade for rising preterm birth rates, new report finds",health,https://www.cnn.com/2022/11/15/health/preterm-birth-rate-march-of-dimes-who/index.html,7
"What a medication abortion is like, according to a doctor",health,https://www.cnn.com/2023/01/06/health/medication-abortion-process-wellness/index.html,3
"Sir Keir Starmer preparing for trip to China in the new year, Sky News understands",politics,https://news.sky.com/story/sir-keir-starmer-planning-trip-to-china-in-the-new-year-sky-news-understands-13473082,6
"To Meld A.I. With Supercomputers, National Labs Are Picking Up the Pace",tech,https://www.nytimes.com/2025/11/20/technology/national-laboratories-ai-supercomputers.html,0
"The 44 Best Movies on Netflix, WIRED’s Picks (December 2025)",tech,https://www.wired.com/story/netflix-best-movies-this-week/,1
Trump's state visit is mired with potential pitfalls despite careful planning,business,https://www.bbc.com/news/articles/c4gw25w9841o?at_medium=RSS&at_campaign=rss,2
Apple’s Most Overlooked App Just Got a Lot Better,tech,https://www.wired.com/story/apple-shortcuts-just-got-a-lot-better/,3
Logitech Promo Code: $25 Off This Holiday Season,tech,https://www.wired.com/story/logitech-promo-code/,2
Google’s Gemini 3 Is Here: A Special Early Look,tech,https://www.nytimes.com/2025/11/18/podcasts/hardfork-gemini-3.html,0
US and Asia stocks slide as AI jitters persist,business,https://www.bbc.com/news/articles/cwy1yl1202yo?at_medium=RSS&at_campaign=rss,1
"Cryptology Group Held an Election, but Can’t Decrypt the Results",tech,https://www.nytimes.com/2025/11/21/world/cryptography-group-lost-election-results.html,0
"‘Fascist’? ‘Communist’? For an Afternoon, Trump and Mamdani Were Just 2 Guys From Queens.",politics,https://www.nytimes.com/2025/11/21/us/politics/trump-mamdani-scene.html,3
"Netflix, Comcast and Paramount Submit Warner Bros. Discovery Bids",business,https://www.nytimes.com/2025/11/20/business/media/warner-discovery-bids-paramount-netflix-comcast.html,6
Europe’s Chip Dreams Confront Business Realities,tech,https://www.nytimes.com/2025/11/19/technology/europe-tsmc-chips.html,1
Saudi Arabia Backs Elon Musk’s xAI With Data Center Deal,tech,https://www.nytimes.com/2025/11/19/technology/saudi-arabia-elon-musk-xai.html,7
Pauline Quirke's family on her dementia: 'She's still funny and recognises us',health,https://www.bbc.com/news/articles/cy9pz4ry3d9o?at_medium=RSS&at_campaign=rss,1
"Graduate jobs under threat from AI, PwC boss says",tech,https://www.bbc.com/news/articles/cm272510e6jo?at_medium=RSS&at_campaign=rss,1
This report will be the last one until mid-December.,business,https://www.nytimes.com/live/2025/business/jobs-report-economy/this-report-will-be-the-last-one-until-mid-december,3
"Ward Landrigan, Jeweler to the Stars, Dies at 84",business,https://www.nytimes.com/2025/11/20/fashion/ward-landrigan-dead.html,7
Baby Shark: How a 90-second clip created a $400m business,tech,https://www.bbc.com/news/articles/cn8xzgw623go?at_medium=RSS&at_campaign=rss,5
The 'toughest crop': Can tech help cardamom farmers?,business,https://www.bbc.com/news/articles/cn0g2xxnrj3o?at_medium=RSS&at_campaign=rss,7
40 Techy Gifts Under $100 That We Tested and Love,tech,https://www.wired.com/gallery/best-gifts-under-100/,2
NordPass Review: An Almost Flawless Password Manager,tech,https://www.wired.com/review/nordpass-2025/,3
Man who cryogenically froze late wife sparks debate by dating new partner,tech,https://www.bbc.com/news/articles/c78z2m43ykjo?at_medium=RSS&at_campaign=rss,0
Best Black Friday Google Pixel Deals (2025),tech,https://www.wired.com/story/best-black-friday-google-pixel-deals-2025/,3
Can the plastic recycling industry be saved?,business,https://www.bbc.com/news/articles/c5yv8e0prg9o?at_medium=RSS&at_campaign=rss,6
Why ‘Surveillance Pricing’ Strikes a Nerve,business,https://www.nytimes.com/2025/11/21/business/why-surveillance-pricing-strikes-a-nerve.html,4
Community health centre to open after £2.2m revamp,health,https://www.bbc.com/news/articles/c5y0g932ke9o?at_medium=RSS&at_campaign=rss,2
Biggest prostate cancer screening trial in decades begins in UK,health,https://www.bbc.com/news/articles/c2kpk80epp9o?at_medium=RSS&at_campaign=rss,2
These 5 Posture Corrector Picks Will Straighten You Out (2025),tech,https://www.wired.com/gallery/posture-correctors/,5
UK expected to approve plans for Chinese mega embassy,politics,https://www.bbc.com/news/articles/cgexdjp0qj8o?at_medium=RSS&at_campaign=rss,5
Why Cristiano Ronaldo's move to Saudi Arabia means so much for the Gulf monarchy's sporting ambitions,sports,https://www.cnn.com/2023/01/06/football/ronaldo-saudi-soccer-sport-mime-intl/index.html,4
What to Know About the Nearly 10% Climb in a Key Medicare Expense for 2026,business,https://www.nytimes.com/2025/11/22/business/medicare-part-b-premium-2026.html,2
New puberty blockers trial to begin after UK ban,health,https://www.bbc.com/news/articles/c2k4jg0wkj4o?at_medium=RSS&at_campaign=rss,4
"Doctor strike inflicting pain and misery on patients, says health secretary",health,https://www.bbc.com/news/articles/cm2lg8pgjymo?at_medium=RSS&at_campaign=rss,7
UK inflation rate hits lowest level in four months,business,https://www.bbc.com/news/articles/czxkvkwjl5eo?at_medium=RSS&at_campaign=rss,4
Barnes & Noble stock soars 20% as it explores a sale,business,http://money.cnn.com/2018/10/03/news/companies/barnes-and-noble-sale/index.html?section=money_topstories,6
Why we have nightmares and how to stop them,health,https://www.cnn.com/2020/09/04/health/how-to-stop-nightmares-in-adults-wellness/index.html,4
'Head in hands': Ministers fume at No 10's self-inflicted chaos,politics,https://www.bbc.com/news/articles/c874v0x91evo?at_medium=RSS&at_campaign=rss,4
The A.I. Boom Has Found Another Gear. Why Can’t People Shake Their Worries?,tech,https://www.nytimes.com/2025/11/20/technology/ai-stock-boom-nvidia.html,4
Driving an E.V. Across North Dakota? Thank the Standing Rock Tribe.,tech,https://www.nytimes.com/2025/11/18/climate/electic-vehicle-chargers-north-dakota.html,0
Covid inquiry told of trust do-not-resuscitate rule,health,https://www.bbc.com/news/articles/cd98vpxgp7ko?at_medium=RSS&at_campaign=rss,1
Key takeaways: What are the proposed asylum system reforms?,politics,https://www.bbc.com/news/articles/c3eplk4047do?at_medium=RSS&at_campaign=rss,5
The 'big-money plan' that impacts all our lives,politics,https://www.bbc.com/news/videos/c5yj5x7k8rdo?at_medium=RSS&at_campaign=rss,1
What is Mpox and why are cases rising in Europe?,health,https://www.bbc.com/news/articles/cp856rvv41eo?at_medium=RSS&at_campaign=rss,4
Jon Rahm produces stunning comeback to win Tournament of Champions in Hawaii,sports,https://www.cnn.com/2023/01/09/golf/jon-rahm-comeback-pga-tours-tournament-of-champions-hawaii-spt-intl/index.html,3
UK government will not change law for more legal drug rooms,politics,https://www.bbc.com/news/articles/cly9yx4xg1zo?at_medium=RSS&at_campaign=rss,6
Ex-Harvard president Larry Summers stops teaching as university investigates Epstein emails,business,https://www.bbc.com/news/articles/ce868dmz2mdo?at_medium=RSS&at_campaign=rss,4
"Sharon Camp, Mother of the ‘Plan B’ Contraceptive Pill, Dies at 81",health,https://www.nytimes.com/2025/11/14/health/policy/sharon-camp-dead.html,3
Mother had 'agonising' health test without consent,health,https://www.bbc.com/news/articles/c4g3450m5lmo?at_medium=RSS&at_campaign=rss,1
On the front line of Europe's standoff with Russia's sanction-busting shadow fleet,tech,https://www.bbc.com/news/articles/cz91dk0l50no?at_medium=RSS&at_campaign=rss,4
Kids in China Are Using Bots and Engagement Hacks to Look More Popular on Their Smartwatches,tech,https://www.wired.com/story/kids-in-china-are-scheming-and-buying-bots-to-win-clout-on-their-watches/,1
How much trouble is Labour in - and is the PM the right man for the job?,politics,https://www.bbc.com/news/articles/c1kwlzv9zl1o?at_medium=RSS&at_campaign=rss,3
My late husband's organs transformed the lives of four people,health,https://www.bbc.com/news/articles/c62ldw09y6go?at_medium=RSS&at_campaign=rss,5
"Desperate for heart surgery for their baby, a family feels the effects of pediatric hospital shortages",health,https://www.cnn.com/2022/11/13/health/hospital-bed-shortage-heart-surgery-baby/index.html,2
The Ninja Slushi Early Black Friday Deal Is the Lowest We've Seen,tech,https://www.wired.com/story/ninja-slushi-black-friday-deal-2025/,1
C.D.C. Website No Longer Rejects Possible Link Between Autism and Vaccines,health,https://www.nytimes.com/2025/11/20/health/vaccine-autism-cdc-website.html,2
Tencent Music aims to raise $1 billion by going public,business,http://money.cnn.com/2018/10/02/technology/business/tencent-music-ipo/index.html?section=money_topstories,7
"The 44 Best Shows on Netflix, WIRED's Picks (December 2025)",tech,https://www.wired.com/story/netflix-best-shows-this-week/,2
Fujifilm Instax Mini LiPlay+ Review: A Camera and Printer in One,tech,https://www.wired.com/review/fujifilm-instax-mini-liplay-plus/,5
What to Know: Trump Labels Nigeria’s Christian Violence a ‘Genocide’,politics,https://www.nytimes.com/2025/11/21/world/africa/nigeria-trump-genocide-claims.html,3
Hospitals knew a heart device led to more patients' deaths - but they kept using it,health,https://www.bbc.com/news/articles/cqjwg197855o?at_medium=RSS&at_campaign=rss,4
"Mark Mellman, 70, Dies; Helped Democrats Understand Their Voters",politics,https://www.nytimes.com/2025/11/21/us/politics/mark-mellman-dead.html,5
"The 27 Best Movies on Apple TV, WIRED’s Picks (November 2025)",tech,https://www.wired.com/story/best-apple-tv-plus-movies/,5
Lionel Messi scores for Paris Saint-Germain in first game back since World Cup triumph,sports,https://www.cnn.com/2023/01/12/football/lionel-messi-psg-world-cup-return-spt-intl/index.html,2
"Ultra-processed food is global health threat, experts warn",health,https://www.bbc.com/news/articles/cy4pjjzd784o?at_medium=RSS&at_campaign=rss,0
RSV hospitalization rate for seniors is 10 times higher than usual for this point in the season,health,https://www.cnn.com/2022/11/15/health/rsv-adults-wellness/index.html,4
LED mask ads banned over acne and rosacea claims,health,https://www.bbc.com/news/articles/cm2l8jldvjno?at_medium=RSS&at_campaign=rss,3
The Surprise Ending to the Trump-Mamdani Buddy Movie Has Heads Spinning,politics,https://www.nytimes.com/2025/11/21/nyregion/mamdani-trump-reaction-meeting.html,5
"Burt Meyer, 99, Dies; Made Lite-Brite and Rock ’Em Sock ’Em Robots",business,https://www.nytimes.com/2025/11/21/arts/design/burton-meyer-dead.html,0
"Advice for PCOS has not changed for  30 years, says patient",health,https://www.bbc.com/news/articles/cj3yk2l77nyo?at_medium=RSS&at_campaign=rss,3
"Google Unveils Gemini 3, With Improved Coding and Search Abilities",tech,https://www.nytimes.com/2025/11/18/technology/google-gemini-3.html,4
Abortion Is Once Again Illegal in North Dakota,politics,https://www.nytimes.com/2025/11/22/us/politics/abortion-illegal-north-dakota.html,2
Stocks Tumble as Early Rally Gives Way to Tech Anxiety,business,https://www.nytimes.com/2025/11/19/business/stocks-nvidia-earnings.html,0
The US bet big with Argentina bailout - is it paying off?,business,https://www.bbc.com/news/articles/c4g3mdvle78o?at_medium=RSS&at_campaign=rss,3
The Fate of Google’s Ad Tech Monopoly Is Now in a Judge’s Hands,tech,https://www.nytimes.com/2025/11/21/technology/google-ad-tech-closing.html,3
"Peers trying to block assisted dying, claims MP behind bill",politics,https://www.bbc.com/news/articles/c5yqdpxzzxlo?at_medium=RSS&at_campaign=rss,7
The Best Chef’s Knives of 2025. We Tested Nearly Two Dozen to Find Our Favorites,tech,https://www.wired.com/gallery/best-chefs-knife/,3
Larry Summers Resigns From OpenAI’s Board,tech,https://www.nytimes.com/2025/11/19/technology/larry-summers-resigns-from-openais-board.html,4
Prostate cancer symptoms and treatment: What to check for,health,https://www.bbc.com/news/articles/cx2plvp341jo?at_medium=RSS&at_campaign=rss,5
Sweaty Betty offers £4k for slogan use and silence,business,https://www.bbc.com/news/articles/cq50n57e64do?at_medium=RSS&at_campaign=rss,2
This Hacker Conference Installed a Literal Anti-Virus Monitoring System,tech,https://www.wired.com/story/this-hacker-conference-installed-a-literal-anti-virus-monitoring-system/,4
Nathan Gill gives 'no comment' interview after arrest,politics,https://www.bbc.com/news/videos/ckgkw790ee8o?at_medium=RSS&at_campaign=rss,2
Hochul Urged to Ban Horseshoe Crab Fishing,health,https://www.nytimes.com/2025/11/15/science/horseshoe-crabs-protections-hochul-ny.html,4
Your Party fears disruption by ultra-left groups at inaugural conference,politics,https://news.sky.com/story/sultana-accused-by-corbyn-allies-of-encouraging-ultra-leftists-to-disrupt-your-party-conference-13473022,1
F.D.A. Sharply Limits Use of Drug Linked to Two Teen Deaths,health,https://www.nytimes.com/2025/11/14/health/fda-muscular-dystrophy-sarepta.html,5
"Labour's Budget is already unravelling, Badenoch says",politics,https://www.bbc.com/news/articles/c5ypy5v21l7o?at_medium=RSS&at_campaign=rss,6
"Miss Piggy, Fraggles and an Auction at the Twilight of a Hollywood Era",business,https://www.nytimes.com/2025/11/22/business/media/henson-muppets-auction.html,0
What taxes apply to electric vehicles and how could the Budget change that?,business,https://www.bbc.com/news/articles/clykywlw2eko?at_medium=RSS&at_campaign=rss,1
How long you can use vintage Tupperware,health,https://www.cnn.com/2023/04/14/health/tupperware-safety-tips-plastic-containers-wellness/index.html,5
Valve Says Steam Machine Isn't a Console—but It Is,tech,https://www.wired.com/story/valve-says-steam-machine-isnt-a-console-but-it-is/,5
A.I. Video Is Threatening Our Ability to Trust Documentaries,tech,https://www.nytimes.com/2025/11/18/movies/documentary-filmmaking-ai-trust.html,5
The best coupons at CVS Pharmacy,health,https://coupons.cnn.com/cvs,5
The private notes and secret documents that tell the inside story of the UK's Covid response,health,https://www.bbc.com/news/articles/c78zy20ydlmo?at_medium=RSS&at_campaign=rss,7
First place in British Isles set to approve right to die,health,https://www.bbc.com/news/articles/c78ed70qep7o?at_medium=RSS&at_campaign=rss,4
"Botulism Bacteria Found in Infant Formula, ByHeart Confirms",health,https://www.nytimes.com/2025/11/20/health/baby-formula-recall-byheart-botulism.html,5
Watch the moment Nathan Gill is sentenced,politics,https://www.bbc.com/news/videos/c246p7ep180o?at_medium=RSS&at_campaign=rss,3
26 Viral TikTok Gifts That Are Actually Worth It (2025),tech,https://www.wired.com/gallery/best-viral-tiktok-gadgets/,0
Meta’s Victory Opens the Way for Silicon Valley to Go Deal Shopping,tech,https://www.nytimes.com/2025/11/18/technology/meta-ruling-silicon-valley-start-ups.html,3
The Toys 'R' Us brand may be brought back to life,business,http://money.cnn.com/2018/10/03/news/companies/toys-r-us-brand/index.html?section=money_topstories,5
The justice system is failing - the buck stops with Lammy,politics,https://www.bbc.com/news/articles/crmx82ng9gyo?at_medium=RSS&at_campaign=rss,4
Henry Zeffman: Labour MPs still crave a compelling story from Starmer,politics,https://www.bbc.com/news/articles/cvg4ny4rzq2o?at_medium=RSS&at_campaign=rss,4
Should K-beauty products have to come from South Korea?,business,https://www.bbc.com/news/articles/cwykqrlwwxqo?at_medium=RSS&at_campaign=rss,1
What is chickenpox and how can I get my child vaccinated?,health,https://www.bbc.com/news/articles/cn0rnqj52y5o?at_medium=RSS&at_campaign=rss,3
Nvidia Earnings Show Profit Jumped 65% to $31.9 Billion,tech,https://www.nytimes.com/2025/11/19/technology/nvidia-earnings.html,0
8 activewear brands you should add to your workout wardrobe,health,https://www.cnn.com/2021/01/13/cnn-underscored/best-workout-clothes-for-women/index.html,3
The planet is getting hotter fast. This is what happens to your body in extreme heat,health,https://www.cnn.com/2023/07/09/health/what-happens-to-your-body-extreme-heat-xpn/index.html,3
"13 Best Kids Headphones (2025), Tested and Reviewed",tech,https://www.wired.com/gallery/the-best-kids-headphones/,1
Inside Health,health,https://www.bbc.co.uk/sounds/play/m002hkp9?at_medium=RSS&at_campaign=rss,1
Eleven countries added to methanol poisoning warning list,health,https://www.bbc.com/news/articles/c14p3gd4p7po?at_medium=RSS&at_campaign=rss,2
"Marjorie Taylor Greene Says She Will Resign in January, After Break From Trump",politics,https://www.nytimes.com/2025/11/21/us/politics/marjorie-taylor-greene-resigns.html,5
How to cool down without AC,health,https://www.cnn.com/2022/07/18/health/how-to-stay-cool-without-air-conditioning-wellness/index.html,6
Fraud victims 'are being failed' by justice system,business,https://www.bbc.com/news/articles/cy404wpvkq3o?at_medium=RSS&at_campaign=rss,6
Georgia realtor receives invitation to play the Masters by mistake,sports,https://www.cnn.com/2023/01/02/us/scott-stallings-masters-invitation-mix-up/index.html,1
Why are resident doctors striking and how much are they paid?,health,https://www.bbc.com/news/articles/cn0qyl4ljjko?at_medium=RSS&at_campaign=rss,1
Pelé's life in pictures,sports,https://www.cnn.com/2022/12/29/football/gallery/pele-life-in-pictures/index.html,2
Three easy ways to help you beat the winter blues,health,https://www.bbc.com/news/articles/c051mdgd1ddo?at_medium=RSS&at_campaign=rss,6
'Price of sports bras shouldn't stop us competing',health,https://www.bbc.com/news/articles/c2drkywj0yeo?at_medium=RSS&at_campaign=rss,1
DNA pioneer James Watson dies at 97,health,https://www.bbc.com/news/articles/cn8xdypnz32o?at_medium=RSS&at_campaign=rss,2
"Premature birth can be incredibly lonely, says Beatrice",health,https://www.bbc.com/news/articles/cq50njy3wwyo?at_medium=RSS&at_campaign=rss,0
Surgical menopause like a 'hormonal cliff edge',health,https://www.bbc.com/news/articles/cly95px04vzo?at_medium=RSS&at_campaign=rss,1
Tesla needed some good news. These sales numbers help,business,http://money.cnn.com/2018/10/02/technology/tesla-sales/index.html?section=money_topstories,5
She was the first openly gay CEO at a Fortune 500 company,business,http://money.cnn.com/2018/10/01/news/companies/beth-ford-boss-files/index.html?section=money_topstories,6
Can technology fix fashion's sizing crisis?,tech,https://www.bbc.com/news/articles/cjekg1pd9j4o?at_medium=RSS&at_campaign=rss,3
The UK car industry is at a tipping point - can it be saved?,business,https://www.bbc.com/news/articles/c23p028p200o?at_medium=RSS&at_campaign=rss,4
Assisted dying bill: What is in proposed law?,health,https://www.bbc.com/news/articles/cx2l7m6r55do?at_medium=RSS&at_campaign=rss,1
Clinicians Lobby for a New Way to Assess the Risk of Suicide,health,https://www.nytimes.com/2025/11/19/well/mind/suicide-crisis-syndrome.html,0
New Gene-Editing Strategy Could Help Development of Treatments for Rare Diseases,health,https://www.nytimes.com/2025/11/19/health/gene-editing-rare-diseases.html,3
"Judge to Approve Purdue Pharma Bankruptcy, Releasing Billions for Opioid Plaintiffs",health,https://www.nytimes.com/2025/11/14/health/purdue-sacklers-settlement.html,2
I wanted ChatGPT to help me. So why did it advise me how to kill myself?,health,https://www.bbc.com/news/articles/cp3x71pv1qno?at_medium=RSS&at_campaign=rss,0
The Nama M1 Is the Best Nut Milk Maker We’ve Tested in 2025,tech,https://www.wired.com/gallery/the-best-nut-milk-maker/,6
"Saudi Arabia, Once Shunned, Has Corporate Titans Swooning for Deals",business,https://www.nytimes.com/2025/11/19/business/saudi-investment-forum-kennedy-center.html,0
The A.I. Boom Is Driving the Economy. What Happens if It Falters?,business,https://www.nytimes.com/2025/11/22/business/the-ai-boom-economy.html,3
Trump and Mamdani’s News Conference: Read the Transcript,politics,https://www.nytimes.com/2025/11/22/nyregion/trump-mamdani-meeting-press-conference-transcript.html,1
Tech Life,tech,https://www.bbc.co.uk/sounds/play/w3ct6zpq?at_medium=RSS&at_campaign=rss,5
"A llama, bagel and frisbee: Apple's new iOS 12.1 emoji",business,http://money.cnn.com/2018/10/02/technology/apple-emoji-ios-12-1-llama/index.html?section=money_topstories,0
The Kenyan start-up aiming to electrify African transport,tech,https://www.bbc.com/news/videos/c0kpel4y4g7o?at_medium=RSS&at_campaign=rss,7
How Milei's 'Thatcherite' economics divided his nation - but won over Trump,business,https://www.bbc.com/news/articles/c9865l8540eo?at_medium=RSS&at_campaign=rss,4
Buying a House Is Expensive. But There Are Some Ways to Rein In Costs.,business,https://www.nytimes.com/2025/11/21/your-money/housing-costs-mortgages.html,2
How will weight-loss drugs change our relationship with food?,health,https://www.bbc.com/news/articles/c4g518d5j5lo?at_medium=RSS&at_campaign=rss,7
This Play Recruited Actors With Anorexia. Was That Ethical?,health,https://www.nytimes.com/2025/11/19/theater/anorexia-play-eating-disorder.html,5
The Rise of the ‘Just in Case’ M.R.I.,business,https://www.nytimes.com/2025/11/22/business/dealbook/full-body-mri.html,7
"The benefits of 'body doubling' when you have ADHD, according to experts",health,https://www.cnn.com/2023/02/13/health/adhd-body-doubling-productivity-benefits-wellness/index.html,0
How many of us will end up being diagnosed with ADHD?,health,https://www.bbc.com/news/articles/c3ejky0dy47o?at_medium=RSS&at_campaign=rss,3
Trump Administration Gives Three Mile Island Nuclear Project $1 Billion Loan,tech,https://www.nytimes.com/2025/11/19/us/nuclear-power-three-mile-island.html,0
Fear and scepticism as Reeves prepares for her big Budget moment,politics,https://www.bbc.com/news/articles/cyv8vglv9r5o?at_medium=RSS&at_campaign=rss,3
"Good for mortgages, bad for the food shop - how inflation dip affects you",business,https://www.bbc.com/news/articles/c1wlrw8ygvxo?at_medium=RSS&at_campaign=rss,0
Will Bank of England governor play Santa or Scrooge on interest rates?,politics,https://www.bbc.com/news/articles/cy0y34dxl7lo?at_medium=RSS&at_campaign=rss,3
A facelift at 28? Why young people are turning to plastic surgery,health,https://www.bbc.com/news/articles/czxwvr57424o?at_medium=RSS&at_campaign=rss,3
Illegal teeth-whitening industry exposed by BBC,health,https://www.bbc.com/news/articles/c20z7xx6nr4o?at_medium=RSS&at_campaign=rss,7
Early Signs Point to a Harsh Flu Season in the U.S.,health,https://www.nytimes.com/2025/11/19/health/flu-season-us.html,2
Councils should not cut 'vital' physical activity - former Olympian,health,https://www.bbc.com/news/articles/c867jwxn8e6o?at_medium=RSS&at_campaign=rss,5
"If you think you can't focus for long, you're right",health,https://www.cnn.com/2023/01/11/health/short-attention-span-wellness/index.html,7
"‘Wicked: For Good’ Takes Flight at Box Office, Expected to Make Over $150 Million",business,https://www.nytimes.com/2025/11/22/business/media/wicked-for-good-box-office.html,5
Will the government be lowering energy bills in the budget - and will taxes have to rise?,politics,https://news.sky.com/story/will-the-government-be-lowering-energy-bills-in-the-budget-and-will-taxes-have-to-rise-13473582,2
'This is the big one' - tech firms bet on electrifying rail,tech,https://www.bbc.com/news/articles/czdjg92y00no?at_medium=RSS&at_campaign=rss,6
Nearly all NHS trusts failing to hit cancer target,health,https://www.bbc.com/news/articles/cgjdpqvpj3lo?at_medium=RSS&at_campaign=rss,5
The contradiction at the heart of the trillion-dollar AI race,tech,https://www.bbc.com/news/articles/cvgvynlxqdyo?at_medium=RSS&at_campaign=rss,6
